strHUC12RNG,strUC,intGapOrigin,intGapPres,intGapRepro,intGapSeas,Origin,Presence,Reproduction,Season
030702010705,mABBEf,1,1,3,1,Native,Known/extant,Both breeding and nonbreeding,Year-round
030702011103,mABBEf,1,1,3,1,Native,Known/extant,Both breeding and nonbreeding,Year-round
030702040101,mABBEf,1,1,3,1,Native,Known/extant,Both breeding and nonbreeding,Year-round
030702040102,mABBEf,1,1,3,1,Native,Known/extant,Both breeding and nonbreeding,Year-round
030702040103,mABBEf,1,1,3,1,Native,Known/extant,Both breeding and nonbreeding,Year-round
030702040104,mABBEf,1,1,3,1,Native,Known/extant,Both breeding and nonbreeding,Year-round
030702040105,mABBEf,1,1,3,1,Native,Known/extant,Both breeding and nonbreeding,Year-round
030702040201,mABBEf,1,1,3,1,Native,Known/extant,Both breeding and nonbreeding,Year-round
030702040202,mABBEf,1,1,3,1,Native,Known/extant,Both breeding and nonbreeding,Year-round
030702040203,mABBEf,1,1,3,1,Native,Known/extant,Both breeding and nonbreeding,Year-round
030702040204,mABBEf,1,1,3,1,Native,Known/extant,Both breeding and nonbreeding,Year-round
030702040205,mABBEf,1,1,3,1,Native,Known/extant,Both breeding and nonbreeding,Year-round
030702040301,mABBEf,1,1,3,1,Native,Known/extant,Both breeding and nonbreeding,Year-round
030702040302,mABBEf,1,1,3,1,Native,Known/extant,Both breeding and nonbreeding,Year-round
030702040303,mABBEf,1,1,3,1,Native,Known/extant,Both breeding and nonbreeding,Year-round
030702040401,mABBEf,1,1,3,1,Native,Known/extant,Both breeding and nonbreeding,Year-round
030702040402,mABBEf,1,1,3,1,Native,Known/extant,Both breeding and nonbreeding,Year-round
030702040403,mABBEf,1,1,3,1,Native,Known/extant,Both breeding and nonbreeding,Year-round
030702040404,mABBEf,1,1,3,1,Native,Known/extant,Both breeding and nonbreeding,Year-round
030702040405,mABBEf,1,1,3,1,Native,Known/extant,Both breeding and nonbreeding,Year-round
030702040503,mABBEf,1,1,3,1,Native,Known/extant,Both breeding and nonbreeding,Year-round
030702040602,mABBEf,1,1,3,1,Native,Known/extant,Both breeding and nonbreeding,Year-round
030702040603,mABBEf,1,1,3,1,Native,Known/extant,Both breeding and nonbreeding,Year-round
030702040701,mABBEf,1,1,3,1,Native,Known/extant,Both breeding and nonbreeding,Year-round
030702040702,mABBEf,1,1,3,1,Native,Known/extant,Both breeding and nonbreeding,Year-round
030702040703,mABBEf,1,1,3,1,Native,Known/extant,Both breeding and nonbreeding,Year-round
030702040801,mABBEf,1,1,3,1,Native,Known/extant,Both breeding and nonbreeding,Year-round
030702040802,mABBEf,1,1,3,1,Native,Known/extant,Both breeding and nonbreeding,Year-round
030702040803,mABBEf,1,1,3,1,Native,Known/extant,Both breeding and nonbreeding,Year-round
030801010903,mABBEf,1,1,3,1,Native,Known/extant,Both breeding and nonbreeding,Year-round
030801010904,mABBEf,1,1,3,1,Native,Known/extant,Both breeding and nonbreeding,Year-round
030801011105,mABBEf,1,1,3,1,Native,Known/extant,Both breeding and nonbreeding,Year-round
030801011201,mABBEf,1,1,3,1,Native,Known/extant,Both breeding and nonbreeding,Year-round
030801011202,mABBEf,1,1,3,1,Native,Known/extant,Both breeding and nonbreeding,Year-round
030801011203,mABBEf,1,1,3,1,Native,Known/extant,Both breeding and nonbreeding,Year-round
030801011204,mABBEf,1,1,3,1,Native,Known/extant,Both breeding and nonbreeding,Year-round
030801011205,mABBEf,1,1,3,1,Native,Known/extant,Both breeding and nonbreeding,Year-round
030801011206,mABBEf,1,1,3,1,Native,Known/extant,Both breeding and nonbreeding,Year-round
030801011207,mABBEf,1,1,3,1,Native,Known/extant,Both breeding and nonbreeding,Year-round
030801011208,mABBEf,1,1,3,1,Native,Known/extant,Both breeding and nonbreeding,Year-round
030801011301,mABBEf,1,1,3,1,Native,Known/extant,Both breeding and nonbreeding,Year-round
030801011302,mABBEf,1,1,3,1,Native,Known/extant,Both breeding and nonbreeding,Year-round
030801011303,mABBEf,1,1,3,1,Native,Known/extant,Both breeding and nonbreeding,Year-round
030801011304,mABBEf,1,1,3,1,Native,Known/extant,Both breeding and nonbreeding,Year-round
030801011405,mABBEf,1,1,3,1,Native,Known/extant,Both breeding and nonbreeding,Year-round
030801011406,mABBEf,1,1,3,1,Native,Known/extant,Both breeding and nonbreeding,Year-round
030801011407,mABBEf,1,1,3,1,Native,Known/extant,Both breeding and nonbreeding,Year-round
030801011501,mABBEf,1,1,3,1,Native,Known/extant,Both breeding and nonbreeding,Year-round
030801011502,mABBEf,1,1,3,1,Native,Known/extant,Both breeding and nonbreeding,Year-round
030801011503,mABBEf,1,1,3,1,Native,Known/extant,Both breeding and nonbreeding,Year-round
030801011504,mABBEf,1,1,3,1,Native,Known/extant,Both breeding and nonbreeding,Year-round
030801011505,mABBEf,1,1,3,1,Native,Known/extant,Both breeding and nonbreeding,Year-round
030801011506,mABBEf,1,1,3,1,Native,Known/extant,Both breeding and nonbreeding,Year-round
030801011601,mABBEf,1,1,3,1,Native,Known/extant,Both breeding and nonbreeding,Year-round
030801011602,mABBEf,1,1,3,1,Native,Known/extant,Both breeding and nonbreeding,Year-round
030801011603,mABBEf,1,1,3,1,Native,Known/extant,Both breeding and nonbreeding,Year-round
030801011604,mABBEf,1,1,3,1,Native,Known/extant,Both breeding and nonbreeding,Year-round
030801011605,mABBEf,1,1,3,1,Native,Known/extant,Both breeding and nonbreeding,Year-round
030801011606,mABBEf,1,1,3,1,Native,Known/extant,Both breeding and nonbreeding,Year-round
030801011701,mABBEf,1,1,3,1,Native,Known/extant,Both breeding and nonbreeding,Year-round
030801011702,mABBEf,1,1,3,1,Native,Known/extant,Both breeding and nonbreeding,Year-round
030801011801,mABBEf,1,1,3,1,Native,Known/extant,Both breeding and nonbreeding,Year-round
030801011802,mABBEf,1,1,3,1,Native,Known/extant,Both breeding and nonbreeding,Year-round
030801011901,mABBEf,1,1,3,1,Native,Known/extant,Both breeding and nonbreeding,Year-round
030801011902,mABBEf,1,1,3,1,Native,Known/extant,Both breeding and nonbreeding,Year-round
030801011903,mABBEf,1,1,3,1,Native,Known/extant,Both breeding and nonbreeding,Year-round
030801012001,mABBEf,1,1,3,1,Native,Known/extant,Both breeding and nonbreeding,Year-round
030801012002,mABBEf,1,1,3,1,Native,Known/extant,Both breeding and nonbreeding,Year-round
030801012003,mABBEf,1,1,3,1,Native,Known/extant,Both breeding and nonbreeding,Year-round
030801012004,mABBEf,1,1,3,1,Native,Known/extant,Both breeding and nonbreeding,Year-round
030801012100,mABBEf,1,1,3,1,Native,Known/extant,Both breeding and nonbreeding,Year-round
030801020304,mABBEf,1,1,3,1,Native,Known/extant,Both breeding and nonbreeding,Year-round
030801020401,mABBEf,1,1,3,1,Native,Known/extant,Both breeding and nonbreeding,Year-round
030801020402,mABBEf,1,1,3,1,Native,Known/extant,Both breeding and nonbreeding,Year-round
030801020403,mABBEf,1,1,3,1,Native,Known/extant,Both breeding and nonbreeding,Year-round
030801020404,mABBEf,1,1,3,1,Native,Known/extant,Both breeding and nonbreeding,Year-round
030801020405,mABBEf,1,1,3,1,Native,Known/extant,Both breeding and nonbreeding,Year-round
030801020501,mABBEf,1,1,3,1,Native,Known/extant,Both breeding and nonbreeding,Year-round
030801020502,mABBEf,1,1,3,1,Native,Known/extant,Both breeding and nonbreeding,Year-round
030801020503,mABBEf,1,1,3,1,Native,Known/extant,Both breeding and nonbreeding,Year-round
030801020504,mABBEf,1,1,3,1,Native,Known/extant,Both breeding and nonbreeding,Year-round
030801020505,mABBEf,1,1,3,1,Native,Known/extant,Both breeding and nonbreeding,Year-round
030801020700,mABBEf,1,1,3,1,Native,Known/extant,Both breeding and nonbreeding,Year-round
030801020801,mABBEf,1,1,3,1,Native,Known/extant,Both breeding and nonbreeding,Year-round
030801020802,mABBEf,1,1,3,1,Native,Known/extant,Both breeding and nonbreeding,Year-round
030801020803,mABBEf,1,1,3,1,Native,Known/extant,Both breeding and nonbreeding,Year-round
030801020805,mABBEf,1,1,3,1,Native,Known/extant,Both breeding and nonbreeding,Year-round
030801020806,mABBEf,1,1,3,1,Native,Known/extant,Both breeding and nonbreeding,Year-round
030801021303,mABBEf,1,1,3,1,Native,Known/extant,Both breeding and nonbreeding,Year-round
030801021402,mABBEf,1,1,3,1,Native,Known/extant,Both breeding and nonbreeding,Year-round
030801021403,mABBEf,1,1,3,1,Native,Known/extant,Both breeding and nonbreeding,Year-round
030801021404,mABBEf,1,1,3,1,Native,Known/extant,Both breeding and nonbreeding,Year-round
030801021405,mABBEf,1,1,3,1,Native,Known/extant,Both breeding and nonbreeding,Year-round
030801021406,mABBEf,1,1,3,1,Native,Known/extant,Both breeding and nonbreeding,Year-round
030801030101,mABBEf,1,1,3,1,Native,Known/extant,Both breeding and nonbreeding,Year-round
030801030102,mABBEf,1,1,3,1,Native,Known/extant,Both breeding and nonbreeding,Year-round
030801030201,mABBEf,1,1,3,1,Native,Known/extant,Both breeding and nonbreeding,Year-round
030801030202,mABBEf,1,1,3,1,Native,Known/extant,Both breeding and nonbreeding,Year-round
030801030203,mABBEf,1,1,3,1,Native,Known/extant,Both breeding and nonbreeding,Year-round
030801030204,mABBEf,1,1,3,1,Native,Known/extant,Both breeding and nonbreeding,Year-round
030801030205,mABBEf,1,1,3,1,Native,Known/extant,Both breeding and nonbreeding,Year-round
030801030301,mABBEf,1,1,3,1,Native,Known/extant,Both breeding and nonbreeding,Year-round
030801030302,mABBEf,1,1,3,1,Native,Known/extant,Both breeding and nonbreeding,Year-round
030801030303,mABBEf,1,1,3,1,Native,Known/extant,Both breeding and nonbreeding,Year-round
030801030304,mABBEf,1,1,3,1,Native,Known/extant,Both breeding and nonbreeding,Year-round
030801030401,mABBEf,1,1,3,1,Native,Known/extant,Both breeding and nonbreeding,Year-round
030801030402,mABBEf,1,1,3,1,Native,Known/extant,Both breeding and nonbreeding,Year-round
030801030403,mABBEf,1,1,3,1,Native,Known/extant,Both breeding and nonbreeding,Year-round
030801030404,mABBEf,1,1,3,1,Native,Known/extant,Both breeding and nonbreeding,Year-round
030801030501,mABBEf,1,1,3,1,Native,Known/extant,Both breeding and nonbreeding,Year-round
030801030502,mABBEf,1,1,3,1,Native,Known/extant,Both breeding and nonbreeding,Year-round
030801030503,mABBEf,1,1,3,1,Native,Known/extant,Both breeding and nonbreeding,Year-round
030801030504,mABBEf,1,1,3,1,Native,Known/extant,Both breeding and nonbreeding,Year-round
030801030601,mABBEf,1,1,3,1,Native,Known/extant,Both breeding and nonbreeding,Year-round
030801030602,mABBEf,1,1,3,1,Native,Known/extant,Both breeding and nonbreeding,Year-round
030801030603,mABBEf,1,1,3,1,Native,Known/extant,Both breeding and nonbreeding,Year-round
030801030604,mABBEf,1,1,3,1,Native,Known/extant,Both breeding and nonbreeding,Year-round
030801030701,mABBEf,1,1,3,1,Native,Known/extant,Both breeding and nonbreeding,Year-round
030801030702,mABBEf,1,1,3,1,Native,Known/extant,Both breeding and nonbreeding,Year-round
030801030703,mABBEf,1,1,3,1,Native,Known/extant,Both breeding and nonbreeding,Year-round
030801030704,mABBEf,1,1,3,1,Native,Known/extant,Both breeding and nonbreeding,Year-round
030801030801,mABBEf,1,1,3,1,Native,Known/extant,Both breeding and nonbreeding,Year-round
030801030802,mABBEf,1,1,3,1,Native,Known/extant,Both breeding and nonbreeding,Year-round
030801030803,mABBEf,1,1,3,1,Native,Known/extant,Both breeding and nonbreeding,Year-round
030801030804,mABBEf,1,1,3,1,Native,Known/extant,Both breeding and nonbreeding,Year-round
030801030901,mABBEf,1,1,3,1,Native,Known/extant,Both breeding and nonbreeding,Year-round
030801030902,mABBEf,1,1,3,1,Native,Known/extant,Both breeding and nonbreeding,Year-round
030801030903,mABBEf,1,1,3,1,Native,Known/extant,Both breeding and nonbreeding,Year-round
030801030904,mABBEf,1,1,3,1,Native,Known/extant,Both breeding and nonbreeding,Year-round
030801031001,mABBEf,1,1,3,1,Native,Known/extant,Both breeding and nonbreeding,Year-round
030801031002,mABBEf,1,1,3,1,Native,Known/extant,Both breeding and nonbreeding,Year-round
030801031003,mABBEf,1,1,3,1,Native,Known/extant,Both breeding and nonbreeding,Year-round
030801031004,mABBEf,1,1,3,1,Native,Known/extant,Both breeding and nonbreeding,Year-round
030801031101,mABBEf,1,1,3,1,Native,Known/extant,Both breeding and nonbreeding,Year-round
030801031102,mABBEf,1,1,3,1,Native,Known/extant,Both breeding and nonbreeding,Year-round
030801031103,mABBEf,1,1,3,1,Native,Known/extant,Both breeding and nonbreeding,Year-round
030801031201,mABBEf,1,1,3,1,Native,Known/extant,Both breeding and nonbreeding,Year-round
030801031203,mABBEf,1,1,3,1,Native,Known/extant,Both breeding and nonbreeding,Year-round
030801031204,mABBEf,1,1,3,1,Native,Known/extant,Both breeding and nonbreeding,Year-round
030801031303,mABBEf,1,1,3,1,Native,Known/extant,Both breeding and nonbreeding,Year-round
030801031304,mABBEf,1,1,3,1,Native,Known/extant,Both breeding and nonbreeding,Year-round
030802010101,mABBEf,1,1,3,1,Native,Known/extant,Both breeding and nonbreeding,Year-round
030802010102,mABBEf,1,1,3,1,Native,Known/extant,Both breeding and nonbreeding,Year-round
030802010103,mABBEf,1,1,3,1,Native,Known/extant,Both breeding and nonbreeding,Year-round
030802010104,mABBEf,1,1,3,1,Native,Known/extant,Both breeding and nonbreeding,Year-round
030802010105,mABBEf,1,1,3,1,Native,Known/extant,Both breeding and nonbreeding,Year-round
030802010201,mABBEf,1,1,3,1,Native,Known/extant,Both breeding and nonbreeding,Year-round
030802010202,mABBEf,1,1,3,1,Native,Known/extant,Both breeding and nonbreeding,Year-round
030802010203,mABBEf,1,1,3,1,Native,Known/extant,Both breeding and nonbreeding,Year-round
030802010204,mABBEf,1,1,3,1,Native,Known/extant,Both breeding and nonbreeding,Year-round
030802010205,mABBEf,1,1,3,1,Native,Known/extant,Both breeding and nonbreeding,Year-round
030802010301,mABBEf,1,1,3,1,Native,Known/extant,Both breeding and nonbreeding,Year-round
030802010303,mABBEf,1,1,3,1,Native,Known/extant,Both breeding and nonbreeding,Year-round
030802010401,mABBEf,1,1,3,1,Native,Known/extant,Both breeding and nonbreeding,Year-round
030802010402,mABBEf,1,1,3,1,Native,Known/extant,Both breeding and nonbreeding,Year-round
030802010403,mABBEf,1,1,3,1,Native,Known/extant,Both breeding and nonbreeding,Year-round
030802010501,mABBEf,1,1,3,1,Native,Known/extant,Both breeding and nonbreeding,Year-round
030802010502,mABBEf,1,1,3,1,Native,Known/extant,Both breeding and nonbreeding,Year-round
030802010503,mABBEf,1,1,3,1,Native,Known/extant,Both breeding and nonbreeding,Year-round
030802010601,mABBEf,1,1,3,1,Native,Known/extant,Both breeding and nonbreeding,Year-round
030802020301,mABBEf,1,1,3,1,Native,Known/extant,Both breeding and nonbreeding,Year-round
030901011102,mABBEf,1,1,3,1,Native,Known/extant,Both breeding and nonbreeding,Year-round
030901011103,mABBEf,1,1,3,1,Native,Known/extant,Both breeding and nonbreeding,Year-round
030901011201,mABBEf,1,1,3,1,Native,Known/extant,Both breeding and nonbreeding,Year-round
030901011202,mABBEf,1,1,3,1,Native,Known/extant,Both breeding and nonbreeding,Year-round
030901011203,mABBEf,1,1,3,1,Native,Known/extant,Both breeding and nonbreeding,Year-round
030901011204,mABBEf,1,1,3,1,Native,Known/extant,Both breeding and nonbreeding,Year-round
030901011301,mABBEf,1,1,3,1,Native,Known/extant,Both breeding and nonbreeding,Year-round
030901011302,mABBEf,1,1,3,1,Native,Known/extant,Both breeding and nonbreeding,Year-round
030901011303,mABBEf,1,1,3,1,Native,Known/extant,Both breeding and nonbreeding,Year-round
030901011304,mABBEf,1,1,3,1,Native,Known/extant,Both breeding and nonbreeding,Year-round
030901011401,mABBEf,1,1,3,1,Native,Known/extant,Both breeding and nonbreeding,Year-round
030901011403,mABBEf,1,1,3,1,Native,Known/extant,Both breeding and nonbreeding,Year-round
030901011404,mABBEf,1,1,3,1,Native,Known/extant,Both breeding and nonbreeding,Year-round
030901011601,mABBEf,1,1,3,1,Native,Known/extant,Both breeding and nonbreeding,Year-round
030901011602,mABBEf,1,1,3,1,Native,Known/extant,Both breeding and nonbreeding,Year-round
030901011603,mABBEf,1,1,3,1,Native,Known/extant,Both breeding and nonbreeding,Year-round
030901011604,mABBEf,1,1,3,1,Native,Known/extant,Both breeding and nonbreeding,Year-round
030901011701,mABBEf,1,1,3,1,Native,Known/extant,Both breeding and nonbreeding,Year-round
030901011702,mABBEf,1,1,3,1,Native,Known/extant,Both breeding and nonbreeding,Year-round
030901011703,mABBEf,1,1,3,1,Native,Known/extant,Both breeding and nonbreeding,Year-round
030901011704,mABBEf,1,1,3,1,Native,Known/extant,Both breeding and nonbreeding,Year-round
030901011801,mABBEf,1,1,3,1,Native,Known/extant,Both breeding and nonbreeding,Year-round
030901011802,mABBEf,1,1,3,1,Native,Known/extant,Both breeding and nonbreeding,Year-round
030901011803,mABBEf,1,1,3,1,Native,Known/extant,Both breeding and nonbreeding,Year-round
030901011804,mABBEf,1,1,3,1,Native,Known/extant,Both breeding and nonbreeding,Year-round
030901011902,mABBEf,1,1,3,1,Native,Known/extant,Both breeding and nonbreeding,Year-round
030901012004,mABBEf,1,1,3,1,Native,Known/extant,Both breeding and nonbreeding,Year-round
030901030101,mABBEf,1,1,3,1,Native,Known/extant,Both breeding and nonbreeding,Year-round
030901030102,mABBEf,1,1,3,1,Native,Known/extant,Both breeding and nonbreeding,Year-round
030901030104,mABBEf,1,1,3,1,Native,Known/extant,Both breeding and nonbreeding,Year-round
030901030105,mABBEf,1,1,3,1,Native,Known/extant,Both breeding and nonbreeding,Year-round
030901030201,mABBEf,1,1,3,1,Native,Known/extant,Both breeding and nonbreeding,Year-round
030901030203,mABBEf,1,1,3,1,Native,Known/extant,Both breeding and nonbreeding,Year-round
030901030204,mABBEf,1,1,3,1,Native,Known/extant,Both breeding and nonbreeding,Year-round
030901030205,mABBEf,1,1,3,1,Native,Known/extant,Both breeding and nonbreeding,Year-round
030901030206,mABBEf,1,1,3,1,Native,Known/extant,Both breeding and nonbreeding,Year-round
030901030301,mABBEf,1,1,3,1,Native,Known/extant,Both breeding and nonbreeding,Year-round
030901030302,mABBEf,1,1,3,1,Native,Known/extant,Both breeding and nonbreeding,Year-round
030901030303,mABBEf,1,1,3,1,Native,Known/extant,Both breeding and nonbreeding,Year-round
030901030304,mABBEf,1,1,3,1,Native,Known/extant,Both breeding and nonbreeding,Year-round
030901030402,mABBEf,1,1,3,1,Native,Known/extant,Both breeding and nonbreeding,Year-round
030901030403,mABBEf,1,1,3,1,Native,Known/extant,Both breeding and nonbreeding,Year-round
030902020300,mABBEf,1,1,3,1,Native,Known/extant,Both breeding and nonbreeding,Year-round
030902020401,mABBEf,1,1,3,1,Native,Known/extant,Both breeding and nonbreeding,Year-round
030902020700,mABBEf,1,1,3,1,Native,Known/extant,Both breeding and nonbreeding,Year-round
030902020800,mABBEf,1,1,3,1,Native,Known/extant,Both breeding and nonbreeding,Year-round
030902020900,mABBEf,1,1,3,1,Native,Known/extant,Both breeding and nonbreeding,Year-round
030902021000,mABBEf,1,1,3,1,Native,Known/extant,Both breeding and nonbreeding,Year-round
030902021100,mABBEf,1,1,3,1,Native,Known/extant,Both breeding and nonbreeding,Year-round
030902021300,mABBEf,1,1,3,1,Native,Known/extant,Both breeding and nonbreeding,Year-round
030902040103,mABBEf,1,1,3,1,Native,Known/extant,Both breeding and nonbreeding,Year-round
030902040104,mABBEf,1,1,3,1,Native,Known/extant,Both breeding and nonbreeding,Year-round
030902040105,mABBEf,1,1,3,1,Native,Known/extant,Both breeding and nonbreeding,Year-round
030902040201,mABBEf,1,1,3,1,Native,Known/extant,Both breeding and nonbreeding,Year-round
030902040202,mABBEf,1,1,3,1,Native,Known/extant,Both breeding and nonbreeding,Year-round
030902040203,mABBEf,1,1,3,1,Native,Known/extant,Both breeding and nonbreeding,Year-round
030902040204,mABBEf,1,1,3,1,Native,Known/extant,Both breeding and nonbreeding,Year-round
030902040205,mABBEf,1,1,3,1,Native,Known/extant,Both breeding and nonbreeding,Year-round
030902040206,mABBEf,1,1,3,1,Native,Known/extant,Both breeding and nonbreeding,Year-round
030902040207,mABBEf,1,1,3,1,Native,Known/extant,Both breeding and nonbreeding,Year-round
030902040301,mABBEf,1,1,3,1,Native,Known/extant,Both breeding and nonbreeding,Year-round
030902040302,mABBEf,1,1,3,1,Native,Known/extant,Both breeding and nonbreeding,Year-round
030902040303,mABBEf,1,1,3,1,Native,Known/extant,Both breeding and nonbreeding,Year-round
030902040304,mABBEf,1,1,3,1,Native,Known/extant,Both breeding and nonbreeding,Year-round
030902040305,mABBEf,1,1,3,1,Native,Known/extant,Both breeding and nonbreeding,Year-round
030902040401,mABBEf,1,1,3,1,Native,Known/extant,Both breeding and nonbreeding,Year-round
030902040402,mABBEf,1,1,3,1,Native,Known/extant,Both breeding and nonbreeding,Year-round
030902040403,mABBEf,1,1,3,1,Native,Known/extant,Both breeding and nonbreeding,Year-round
030902040404,mABBEf,1,1,3,1,Native,Known/extant,Both breeding and nonbreeding,Year-round
030902040405,mABBEf,1,1,3,1,Native,Known/extant,Both breeding and nonbreeding,Year-round
030902040406,mABBEf,1,1,3,1,Native,Known/extant,Both breeding and nonbreeding,Year-round
030902040501,mABBEf,1,1,3,1,Native,Known/extant,Both breeding and nonbreeding,Year-round
030902040502,mABBEf,1,1,3,1,Native,Known/extant,Both breeding and nonbreeding,Year-round
030902040601,mABBEf,1,1,3,1,Native,Known/extant,Both breeding and nonbreeding,Year-round
030902040602,mABBEf,1,1,3,1,Native,Known/extant,Both breeding and nonbreeding,Year-round
030902040700,mABBEf,1,1,3,1,Native,Known/extant,Both breeding and nonbreeding,Year-round
030902040901,mABBEf,1,1,3,1,Native,Known/extant,Both breeding and nonbreeding,Year-round
030902040902,mABBEf,1,1,3,1,Native,Known/extant,Both breeding and nonbreeding,Year-round
030902040903,mABBEf,1,1,3,1,Native,Known/extant,Both breeding and nonbreeding,Year-round
030902040904,mABBEf,1,1,3,1,Native,Known/extant,Both breeding and nonbreeding,Year-round
030902040905,mABBEf,1,1,3,1,Native,Known/extant,Both breeding and nonbreeding,Year-round
030902040906,mABBEf,1,1,3,1,Native,Known/extant,Both breeding and nonbreeding,Year-round
030902041000,mABBEf,1,1,3,1,Native,Known/extant,Both breeding and nonbreeding,Year-round
030902050202,mABBEf,1,1,3,1,Native,Known/extant,Both breeding and nonbreeding,Year-round
030902050203,mABBEf,1,1,3,1,Native,Known/extant,Both breeding and nonbreeding,Year-round
030902050204,mABBEf,1,1,3,1,Native,Known/extant,Both breeding and nonbreeding,Year-round
030902050205,mABBEf,1,1,3,1,Native,Known/extant,Both breeding and nonbreeding,Year-round
030902050206,mABBEf,1,1,3,1,Native,Known/extant,Both breeding and nonbreeding,Year-round
030902050301,mABBEf,1,1,3,1,Native,Known/extant,Both breeding and nonbreeding,Year-round
030902050303,mABBEf,1,1,3,1,Native,Known/extant,Both breeding and nonbreeding,Year-round
030902050304,mABBEf,1,1,3,1,Native,Known/extant,Both breeding and nonbreeding,Year-round
030902050401,mABBEf,1,1,3,1,Native,Known/extant,Both breeding and nonbreeding,Year-round
030902050402,mABBEf,1,1,3,1,Native,Known/extant,Both breeding and nonbreeding,Year-round
030902050404,mABBEf,1,1,3,1,Native,Known/extant,Both breeding and nonbreeding,Year-round
030902050405,mABBEf,1,1,3,1,Native,Known/extant,Both breeding and nonbreeding,Year-round
030902050406,mABBEf,1,1,3,1,Native,Known/extant,Both breeding and nonbreeding,Year-round
030902050407,mABBEf,1,1,3,1,Native,Known/extant,Both breeding and nonbreeding,Year-round
030902050408,mABBEf,1,1,3,1,Native,Known/extant,Both breeding and nonbreeding,Year-round
030902050604,mABBEf,1,1,3,1,Native,Known/extant,Both breeding and nonbreeding,Year-round
030902050605,mABBEf,1,1,3,1,Native,Known/extant,Both breeding and nonbreeding,Year-round
031002070101,mABBEf,1,1,3,1,Native,Known/extant,Both breeding and nonbreeding,Year-round
031002070102,mABBEf,1,1,3,1,Native,Known/extant,Both breeding and nonbreeding,Year-round
031002070103,mABBEf,1,1,3,1,Native,Known/extant,Both breeding and nonbreeding,Year-round
031002070104,mABBEf,1,1,3,1,Native,Known/extant,Both breeding and nonbreeding,Year-round
031002070201,mABBEf,1,1,3,1,Native,Known/extant,Both breeding and nonbreeding,Year-round
031002070203,mABBEf,1,1,3,1,Native,Known/extant,Both breeding and nonbreeding,Year-round
031002070204,mABBEf,1,1,3,1,Native,Known/extant,Both breeding and nonbreeding,Year-round
031002070205,mABBEf,1,1,3,1,Native,Known/extant,Both breeding and nonbreeding,Year-round
031002070303,mABBEf,1,1,3,1,Native,Known/extant,Both breeding and nonbreeding,Year-round
031002070304,mABBEf,1,1,3,1,Native,Known/extant,Both breeding and nonbreeding,Year-round
031002070305,mABBEf,1,1,3,1,Native,Known/extant,Both breeding and nonbreeding,Year-round
031002080704,mABBEf,1,1,3,1,Native,Known/extant,Both breeding and nonbreeding,Year-round
031002081004,mABBEf,1,1,3,1,Native,Known/extant,Both breeding and nonbreeding,Year-round
031002081101,mABBEf,1,1,3,1,Native,Known/extant,Both breeding and nonbreeding,Year-round
031002081102,mABBEf,1,1,3,1,Native,Known/extant,Both breeding and nonbreeding,Year-round
031002081103,mABBEf,1,1,3,1,Native,Known/extant,Both breeding and nonbreeding,Year-round
031101010401,mABBEf,1,1,3,1,Native,Known/extant,Both breeding and nonbreeding,Year-round
031101010402,mABBEf,1,1,3,1,Native,Known/extant,Both breeding and nonbreeding,Year-round
031101010403,mABBEf,1,1,3,1,Native,Known/extant,Both breeding and nonbreeding,Year-round
031101010501,mABBEf,1,1,3,1,Native,Known/extant,Both breeding and nonbreeding,Year-round
031101010502,mABBEf,1,1,3,1,Native,Known/extant,Both breeding and nonbreeding,Year-round
031101010503,mABBEf,1,1,3,1,Native,Known/extant,Both breeding and nonbreeding,Year-round
031101010504,mABBEf,1,1,3,1,Native,Known/extant,Both breeding and nonbreeding,Year-round
031101010602,mABBEf,1,1,3,1,Native,Known/extant,Both breeding and nonbreeding,Year-round
031101010603,mABBEf,1,1,3,1,Native,Known/extant,Both breeding and nonbreeding,Year-round
031101020102,mABBEf,1,1,3,1,Native,Known/extant,Both breeding and nonbreeding,Year-round
031101020103,mABBEf,1,1,3,1,Native,Known/extant,Both breeding and nonbreeding,Year-round
031101020104,mABBEf,1,1,3,1,Native,Known/extant,Both breeding and nonbreeding,Year-round
031101020203,mABBEf,1,1,3,1,Native,Known/extant,Both breeding and nonbreeding,Year-round
031101020301,mABBEf,1,1,3,1,Native,Known/extant,Both breeding and nonbreeding,Year-round
031101020302,mABBEf,1,1,3,1,Native,Known/extant,Both breeding and nonbreeding,Year-round
031101020401,mABBEf,1,1,3,1,Native,Known/extant,Both breeding and nonbreeding,Year-round
031101020402,mABBEf,1,1,3,1,Native,Known/extant,Both breeding and nonbreeding,Year-round
031101020403,mABBEf,1,1,3,1,Native,Known/extant,Both breeding and nonbreeding,Year-round
031101020404,mABBEf,1,1,3,1,Native,Known/extant,Both breeding and nonbreeding,Year-round
031101020405,mABBEf,1,1,3,1,Native,Known/extant,Both breeding and nonbreeding,Year-round
031101020501,mABBEf,1,1,3,1,Native,Known/extant,Both breeding and nonbreeding,Year-round
031101020502,mABBEf,1,1,3,1,Native,Known/extant,Both breeding and nonbreeding,Year-round
031101020503,mABBEf,1,1,3,1,Native,Known/extant,Both breeding and nonbreeding,Year-round
031101020504,mABBEf,1,1,3,1,Native,Known/extant,Both breeding and nonbreeding,Year-round
031101020505,mABBEf,1,1,3,1,Native,Known/extant,Both breeding and nonbreeding,Year-round
031101020506,mABBEf,1,1,3,1,Native,Known/extant,Both breeding and nonbreeding,Year-round
031101020702,mABBEf,1,1,3,1,Native,Known/extant,Both breeding and nonbreeding,Year-round
031101020703,mABBEf,1,1,3,1,Native,Known/extant,Both breeding and nonbreeding,Year-round
031101020805,mABBEf,1,1,3,1,Native,Known/extant,Both breeding and nonbreeding,Year-round
031101020903,mABBEf,1,1,3,1,Native,Known/extant,Both breeding and nonbreeding,Year-round
031101030402,mABBEf,1,1,3,1,Native,Known/extant,Both breeding and nonbreeding,Year-round
031101030404,mABBEf,1,1,3,1,Native,Known/extant,Both breeding and nonbreeding,Year-round
031101030405,mABBEf,1,1,3,1,Native,Known/extant,Both breeding and nonbreeding,Year-round
031101030406,mABBEf,1,1,3,1,Native,Known/extant,Both breeding and nonbreeding,Year-round
031101030501,mABBEf,1,1,3,1,Native,Known/extant,Both breeding and nonbreeding,Year-round
031101030502,mABBEf,1,1,3,1,Native,Known/extant,Both breeding and nonbreeding,Year-round
031101030503,mABBEf,1,1,3,1,Native,Known/extant,Both breeding and nonbreeding,Year-round
031101030504,mABBEf,1,1,3,1,Native,Known/extant,Both breeding and nonbreeding,Year-round
031101030505,mABBEf,1,1,3,1,Native,Known/extant,Both breeding and nonbreeding,Year-round
031102010101,mABBEf,1,1,3,1,Native,Known/extant,Both breeding and nonbreeding,Year-round
031102010102,mABBEf,1,1,3,1,Native,Known/extant,Both breeding and nonbreeding,Year-round
031102010103,mABBEf,1,1,3,1,Native,Known/extant,Both breeding and nonbreeding,Year-round
031102010104,mABBEf,1,1,3,1,Native,Known/extant,Both breeding and nonbreeding,Year-round
031102010105,mABBEf,1,1,3,1,Native,Known/extant,Both breeding and nonbreeding,Year-round
031102010201,mABBEf,1,1,3,1,Native,Known/extant,Both breeding and nonbreeding,Year-round
031102010202,mABBEf,1,1,3,1,Native,Known/extant,Both breeding and nonbreeding,Year-round
031102010301,mABBEf,1,1,3,1,Native,Known/extant,Both breeding and nonbreeding,Year-round
031102010302,mABBEf,1,1,3,1,Native,Known/extant,Both breeding and nonbreeding,Year-round
031102010303,mABBEf,1,1,3,1,Native,Known/extant,Both breeding and nonbreeding,Year-round
031102010304,mABBEf,1,1,3,1,Native,Known/extant,Both breeding and nonbreeding,Year-round
031102010305,mABBEf,1,1,3,1,Native,Known/extant,Both breeding and nonbreeding,Year-round
031102010401,mABBEf,1,1,3,1,Native,Known/extant,Both breeding and nonbreeding,Year-round
031102010402,mABBEf,1,1,3,1,Native,Known/extant,Both breeding and nonbreeding,Year-round
031102010501,mABBEf,1,1,3,1,Native,Known/extant,Both breeding and nonbreeding,Year-round
031102010502,mABBEf,1,1,3,1,Native,Known/extant,Both breeding and nonbreeding,Year-round
031102010503,mABBEf,1,1,3,1,Native,Known/extant,Both breeding and nonbreeding,Year-round
031102010504,mABBEf,1,1,3,1,Native,Known/extant,Both breeding and nonbreeding,Year-round
031102010505,mABBEf,1,1,3,1,Native,Known/extant,Both breeding and nonbreeding,Year-round
031102010601,mABBEf,1,1,3,1,Native,Known/extant,Both breeding and nonbreeding,Year-round
031102010602,mABBEf,1,1,3,1,Native,Known/extant,Both breeding and nonbreeding,Year-round
031102010603,mABBEf,1,1,3,1,Native,Known/extant,Both breeding and nonbreeding,Year-round
031102010604,mABBEf,1,1,3,1,Native,Known/extant,Both breeding and nonbreeding,Year-round
031102010605,mABBEf,1,1,3,1,Native,Known/extant,Both breeding and nonbreeding,Year-round
031102010606,mABBEf,1,1,3,1,Native,Known/extant,Both breeding and nonbreeding,Year-round
031102010701,mABBEf,1,1,3,1,Native,Known/extant,Both breeding and nonbreeding,Year-round
031102010702,mABBEf,1,1,3,1,Native,Known/extant,Both breeding and nonbreeding,Year-round
031102010804,mABBEf,1,1,3,1,Native,Known/extant,Both breeding and nonbreeding,Year-round
031102010903,mABBEf,1,1,3,1,Native,Known/extant,Both breeding and nonbreeding,Year-round
031102020705,mABBEf,1,1,3,1,Native,Known/extant,Both breeding and nonbreeding,Year-round
031102020901,mABBEf,1,1,3,1,Native,Known/extant,Both breeding and nonbreeding,Year-round
031102020902,mABBEf,1,1,3,1,Native,Known/extant,Both breeding and nonbreeding,Year-round
031102020903,mABBEf,1,1,3,1,Native,Known/extant,Both breeding and nonbreeding,Year-round
031102020904,mABBEf,1,1,3,1,Native,Known/extant,Both breeding and nonbreeding,Year-round
031102020905,mABBEf,1,1,3,1,Native,Known/extant,Both breeding and nonbreeding,Year-round
031102020906,mABBEf,1,1,3,1,Native,Known/extant,Both breeding and nonbreeding,Year-round
031102021002,mABBEf,1,1,3,1,Native,Known/extant,Both breeding and nonbreeding,Year-round
031102021003,mABBEf,1,1,3,1,Native,Known/extant,Both breeding and nonbreeding,Year-round
031102021102,mABBEf,1,1,3,1,Native,Known/extant,Both breeding and nonbreeding,Year-round
031102021103,mABBEf,1,1,3,1,Native,Known/extant,Both breeding and nonbreeding,Year-round
031102021201,mABBEf,1,1,3,1,Native,Known/extant,Both breeding and nonbreeding,Year-round
031102021202,mABBEf,1,1,3,1,Native,Known/extant,Both breeding and nonbreeding,Year-round
031102050803,mABBEf,1,1,3,1,Native,Known/extant,Both breeding and nonbreeding,Year-round
031102050804,mABBEf,1,1,3,1,Native,Known/extant,Both breeding and nonbreeding,Year-round
031102050805,mABBEf,1,1,3,1,Native,Known/extant,Both breeding and nonbreeding,Year-round
031102060101,mABBEf,1,1,3,1,Native,Known/extant,Both breeding and nonbreeding,Year-round
031102060102,mABBEf,1,1,3,1,Native,Known/extant,Both breeding and nonbreeding,Year-round
031102060103,mABBEf,1,1,3,1,Native,Known/extant,Both breeding and nonbreeding,Year-round
031102060201,mABBEf,1,1,3,1,Native,Known/extant,Both breeding and nonbreeding,Year-round
031102060202,mABBEf,1,1,3,1,Native,Known/extant,Both breeding and nonbreeding,Year-round
031102060203,mABBEf,1,1,3,1,Native,Known/extant,Both breeding and nonbreeding,Year-round
031102060204,mABBEf,1,1,3,1,Native,Known/extant,Both breeding and nonbreeding,Year-round
031102060205,mABBEf,1,1,3,1,Native,Known/extant,Both breeding and nonbreeding,Year-round
031102060206,mABBEf,1,1,3,1,Native,Known/extant,Both breeding and nonbreeding,Year-round
031102060207,mABBEf,1,1,3,1,Native,Known/extant,Both breeding and nonbreeding,Year-round
031102060402,mABBEf,1,1,3,1,Native,Known/extant,Both breeding and nonbreeding,Year-round
031200010303,mABBEf,1,1,3,1,Native,Known/extant,Both breeding and nonbreeding,Year-round
031200010501,mABBEf,1,1,3,1,Native,Known/extant,Both breeding and nonbreeding,Year-round
031200010502,mABBEf,1,1,3,1,Native,Known/extant,Both breeding and nonbreeding,Year-round
031200010503,mABBEf,1,1,3,1,Native,Known/extant,Both breeding and nonbreeding,Year-round
031200010504,mABBEf,1,1,3,1,Native,Known/extant,Both breeding and nonbreeding,Year-round
031200010601,mABBEf,1,1,3,1,Native,Known/extant,Both breeding and nonbreeding,Year-round
031200010602,mABBEf,1,1,3,1,Native,Known/extant,Both breeding and nonbreeding,Year-round
031200010603,mABBEf,1,1,3,1,Native,Known/extant,Both breeding and nonbreeding,Year-round
031200010604,mABBEf,1,1,3,1,Native,Known/extant,Both breeding and nonbreeding,Year-round
031200010605,mABBEf,1,1,3,1,Native,Known/extant,Both breeding and nonbreeding,Year-round
031200010701,mABBEf,1,1,3,1,Native,Known/extant,Both breeding and nonbreeding,Year-round
031200010702,mABBEf,1,1,3,1,Native,Known/extant,Both breeding and nonbreeding,Year-round
031200010703,mABBEf,1,1,3,1,Native,Known/extant,Both breeding and nonbreeding,Year-round
031200010704,mABBEf,1,1,3,1,Native,Known/extant,Both breeding and nonbreeding,Year-round
031200010801,mABBEf,1,1,3,1,Native,Known/extant,Both breeding and nonbreeding,Year-round
031200010802,mABBEf,1,1,3,1,Native,Known/extant,Both breeding and nonbreeding,Year-round
031200010803,mABBEf,1,1,3,1,Native,Known/extant,Both breeding and nonbreeding,Year-round
031200010901,mABBEf,1,1,3,1,Native,Known/extant,Both breeding and nonbreeding,Year-round
031200010902,mABBEf,1,1,3,1,Native,Known/extant,Both breeding and nonbreeding,Year-round
031200010903,mABBEf,1,1,3,1,Native,Known/extant,Both breeding and nonbreeding,Year-round
031200011001,mABBEf,1,1,3,1,Native,Known/extant,Both breeding and nonbreeding,Year-round
031200011002,mABBEf,1,1,3,1,Native,Known/extant,Both breeding and nonbreeding,Year-round
031200011003,mABBEf,1,1,3,1,Native,Known/extant,Both breeding and nonbreeding,Year-round
031200011101,mABBEf,1,1,3,1,Native,Known/extant,Both breeding and nonbreeding,Year-round
031200011102,mABBEf,1,1,3,1,Native,Known/extant,Both breeding and nonbreeding,Year-round
031200011103,mABBEf,1,1,3,1,Native,Known/extant,Both breeding and nonbreeding,Year-round
031200030303,mABBEf,1,1,3,1,Native,Known/extant,Both breeding and nonbreeding,Year-round
031200030404,mABBEf,1,1,3,1,Native,Known/extant,Both breeding and nonbreeding,Year-round
031200030501,mABBEf,1,1,3,1,Native,Known/extant,Both breeding and nonbreeding,Year-round
031200030502,mABBEf,1,1,3,1,Native,Known/extant,Both breeding and nonbreeding,Year-round
031200030602,mABBEf,1,1,3,1,Native,Known/extant,Both breeding and nonbreeding,Year-round
031200030603,mABBEf,1,1,3,1,Native,Known/extant,Both breeding and nonbreeding,Year-round
031200030604,mABBEf,1,1,3,1,Native,Known/extant,Both breeding and nonbreeding,Year-round
031200030605,mABBEf,1,1,3,1,Native,Known/extant,Both breeding and nonbreeding,Year-round
031200030701,mABBEf,1,1,3,1,Native,Known/extant,Both breeding and nonbreeding,Year-round
031200030702,mABBEf,1,1,3,1,Native,Known/extant,Both breeding and nonbreeding,Year-round
031200030703,mABBEf,1,1,3,1,Native,Known/extant,Both breeding and nonbreeding,Year-round
031200030704,mABBEf,1,1,3,1,Native,Known/extant,Both breeding and nonbreeding,Year-round
031200030705,mABBEf,1,1,3,1,Native,Known/extant,Both breeding and nonbreeding,Year-round
031200030801,mABBEf,1,1,3,1,Native,Known/extant,Both breeding and nonbreeding,Year-round
031200030802,mABBEf,1,1,3,1,Native,Known/extant,Both breeding and nonbreeding,Year-round
031200030803,mABBEf,1,1,3,1,Native,Known/extant,Both breeding and nonbreeding,Year-round
031200030804,mABBEf,1,1,3,1,Native,Known/extant,Both breeding and nonbreeding,Year-round
031200030805,mABBEf,1,1,3,1,Native,Known/extant,Both breeding and nonbreeding,Year-round
031200030901,mABBEf,1,1,3,1,Native,Known/extant,Both breeding and nonbreeding,Year-round
031200030902,mABBEf,1,1,3,1,Native,Known/extant,Both breeding and nonbreeding,Year-round
031200030903,mABBEf,1,1,3,1,Native,Known/extant,Both breeding and nonbreeding,Year-round
031200031001,mABBEf,1,1,3,1,Native,Known/extant,Both breeding and nonbreeding,Year-round
031200031002,mABBEf,1,1,3,1,Native,Known/extant,Both breeding and nonbreeding,Year-round
031200031003,mABBEf,1,1,3,1,Native,Known/extant,Both breeding and nonbreeding,Year-round
031200031101,mABBEf,1,1,3,1,Native,Known/extant,Both breeding and nonbreeding,Year-round
031200031102,mABBEf,1,1,3,1,Native,Known/extant,Both breeding and nonbreeding,Year-round
031200031201,mABBEf,1,1,3,1,Native,Known/extant,Both breeding and nonbreeding,Year-round
031200031202,mABBEf,1,1,3,1,Native,Known/extant,Both breeding and nonbreeding,Year-round
031200031203,mABBEf,1,1,3,1,Native,Known/extant,Both breeding and nonbreeding,Year-round
031200031204,mABBEf,1,1,3,1,Native,Known/extant,Both breeding and nonbreeding,Year-round
031300110303,mABBEf,1,1,3,1,Native,Known/extant,Both breeding and nonbreeding,Year-round
031300110401,mABBEf,1,1,3,1,Native,Known/extant,Both breeding and nonbreeding,Year-round
031300110402,mABBEf,1,1,3,1,Native,Known/extant,Both breeding and nonbreeding,Year-round
031300110403,mABBEf,1,1,3,1,Native,Known/extant,Both breeding and nonbreeding,Year-round
031300110404,mABBEf,1,1,3,1,Native,Known/extant,Both breeding and nonbreeding,Year-round
031300110501,mABBEf,1,1,3,1,Native,Known/extant,Both breeding and nonbreeding,Year-round
031300110502,mABBEf,1,1,3,1,Native,Known/extant,Both breeding and nonbreeding,Year-round
031300110503,mABBEf,1,1,3,1,Native,Known/extant,Both breeding and nonbreeding,Year-round
031300110601,mABBEf,1,1,3,1,Native,Known/extant,Both breeding and nonbreeding,Year-round
031300110602,mABBEf,1,1,3,1,Native,Known/extant,Both breeding and nonbreeding,Year-round
031300110603,mABBEf,1,1,3,1,Native,Known/extant,Both breeding and nonbreeding,Year-round
031300110604,mABBEf,1,1,3,1,Native,Known/extant,Both breeding and nonbreeding,Year-round
031300110605,mABBEf,1,1,3,1,Native,Known/extant,Both breeding and nonbreeding,Year-round
031300110701,mABBEf,1,1,3,1,Native,Known/extant,Both breeding and nonbreeding,Year-round
031300110702,mABBEf,1,1,3,1,Native,Known/extant,Both breeding and nonbreeding,Year-round
031300110703,mABBEf,1,1,3,1,Native,Known/extant,Both breeding and nonbreeding,Year-round
031300110704,mABBEf,1,1,3,1,Native,Known/extant,Both breeding and nonbreeding,Year-round
031300110705,mABBEf,1,1,3,1,Native,Known/extant,Both breeding and nonbreeding,Year-round
031300110706,mABBEf,1,1,3,1,Native,Known/extant,Both breeding and nonbreeding,Year-round
031300110801,mABBEf,1,1,3,1,Native,Known/extant,Both breeding and nonbreeding,Year-round
031300110802,mABBEf,1,1,3,1,Native,Known/extant,Both breeding and nonbreeding,Year-round
031300110803,mABBEf,1,1,3,1,Native,Known/extant,Both breeding and nonbreeding,Year-round
031300110804,mABBEf,1,1,3,1,Native,Known/extant,Both breeding and nonbreeding,Year-round
031300120501,mABBEf,1,1,3,1,Native,Known/extant,Both breeding and nonbreeding,Year-round
031300120502,mABBEf,1,1,3,1,Native,Known/extant,Both breeding and nonbreeding,Year-round
031300120503,mABBEf,1,1,3,1,Native,Known/extant,Both breeding and nonbreeding,Year-round
031300120504,mABBEf,1,1,3,1,Native,Known/extant,Both breeding and nonbreeding,Year-round
031300120505,mABBEf,1,1,3,1,Native,Known/extant,Both breeding and nonbreeding,Year-round
031300120601,mABBEf,1,1,3,1,Native,Known/extant,Both breeding and nonbreeding,Year-round
031300120602,mABBEf,1,1,3,1,Native,Known/extant,Both breeding and nonbreeding,Year-round
031300120603,mABBEf,1,1,3,1,Native,Known/extant,Both breeding and nonbreeding,Year-round
031300120604,mABBEf,1,1,3,1,Native,Known/extant,Both breeding and nonbreeding,Year-round
031300120605,mABBEf,1,1,3,1,Native,Known/extant,Both breeding and nonbreeding,Year-round
031300120606,mABBEf,1,1,3,1,Native,Known/extant,Both breeding and nonbreeding,Year-round
031300130101,mABBEf,1,1,3,1,Native,Known/extant,Both breeding and nonbreeding,Year-round
031300130102,mABBEf,1,1,3,1,Native,Known/extant,Both breeding and nonbreeding,Year-round
031300130103,mABBEf,1,1,3,1,Native,Known/extant,Both breeding and nonbreeding,Year-round
031300130201,mABBEf,1,1,3,1,Native,Known/extant,Both breeding and nonbreeding,Year-round
031300130202,mABBEf,1,1,3,1,Native,Known/extant,Both breeding and nonbreeding,Year-round
031300130203,mABBEf,1,1,3,1,Native,Known/extant,Both breeding and nonbreeding,Year-round
031300130301,mABBEf,1,1,3,1,Native,Known/extant,Both breeding and nonbreeding,Year-round
031300130302,mABBEf,1,1,3,1,Native,Known/extant,Both breeding and nonbreeding,Year-round
031300130303,mABBEf,1,1,3,1,Native,Known/extant,Both breeding and nonbreeding,Year-round
031300130304,mABBEf,1,1,3,1,Native,Known/extant,Both breeding and nonbreeding,Year-round
031300130305,mABBEf,1,1,3,1,Native,Known/extant,Both breeding and nonbreeding,Year-round
031300130401,mABBEf,1,1,3,1,Native,Known/extant,Both breeding and nonbreeding,Year-round
031300130402,mABBEf,1,1,3,1,Native,Known/extant,Both breeding and nonbreeding,Year-round
031300130403,mABBEf,1,1,3,1,Native,Known/extant,Both breeding and nonbreeding,Year-round
031300130501,mABBEf,1,1,3,1,Native,Known/extant,Both breeding and nonbreeding,Year-round
031300130502,mABBEf,1,1,3,1,Native,Known/extant,Both breeding and nonbreeding,Year-round
031300130503,mABBEf,1,1,3,1,Native,Known/extant,Both breeding and nonbreeding,Year-round
031300130504,mABBEf,1,1,3,1,Native,Known/extant,Both breeding and nonbreeding,Year-round
031401010301,mABBEf,1,1,3,1,Native,Known/extant,Both breeding and nonbreeding,Year-round
031401010302,mABBEf,1,1,3,1,Native,Known/extant,Both breeding and nonbreeding,Year-round
031401010303,mABBEf,1,1,3,1,Native,Known/extant,Both breeding and nonbreeding,Year-round
031401010304,mABBEf,1,1,3,1,Native,Known/extant,Both breeding and nonbreeding,Year-round
031401010503,mABBEf,1,1,3,1,Native,Known/extant,Both breeding and nonbreeding,Year-round
031401010504,mABBEf,1,1,3,1,Native,Known/extant,Both breeding and nonbreeding,Year-round
031401010701,mABBEf,1,1,3,1,Native,Known/extant,Both breeding and nonbreeding,Year-round
031401010702,mABBEf,1,1,3,1,Native,Known/extant,Both breeding and nonbreeding,Year-round
031401010703,mABBEf,1,1,3,1,Native,Known/extant,Both breeding and nonbreeding,Year-round
031401010704,mABBEf,1,1,3,1,Native,Known/extant,Both breeding and nonbreeding,Year-round
031401010705,mABBEf,1,1,3,1,Native,Known/extant,Both breeding and nonbreeding,Year-round
031401010801,mABBEf,1,1,3,1,Native,Known/extant,Both breeding and nonbreeding,Year-round
031401010802,mABBEf,1,1,3,1,Native,Known/extant,Both breeding and nonbreeding,Year-round
031401010803,mABBEf,1,1,3,1,Native,Known/extant,Both breeding and nonbreeding,Year-round
031401010902,mABBEf,1,1,3,1,Native,Known/extant,Both breeding and nonbreeding,Year-round
031401010903,mABBEf,1,1,3,1,Native,Known/extant,Both breeding and nonbreeding,Year-round
031401020101,mABBEf,1,1,3,1,Native,Known/extant,Both breeding and nonbreeding,Year-round
031401020102,mABBEf,1,1,3,1,Native,Known/extant,Both breeding and nonbreeding,Year-round
031401020201,mABBEf,1,1,3,1,Native,Known/extant,Both breeding and nonbreeding,Year-round
031401020202,mABBEf,1,1,3,1,Native,Known/extant,Both breeding and nonbreeding,Year-round
031401020203,mABBEf,1,1,3,1,Native,Known/extant,Both breeding and nonbreeding,Year-round
031401020204,mABBEf,1,1,3,1,Native,Known/extant,Both breeding and nonbreeding,Year-round
031401020205,mABBEf,1,1,3,1,Native,Known/extant,Both breeding and nonbreeding,Year-round
031401020301,mABBEf,1,1,3,1,Native,Known/extant,Both breeding and nonbreeding,Year-round
031401020302,mABBEf,1,1,3,1,Native,Known/extant,Both breeding and nonbreeding,Year-round
031401020501,mABBEf,1,1,3,1,Native,Known/extant,Both breeding and nonbreeding,Year-round
031401020502,mABBEf,1,1,3,1,Native,Known/extant,Both breeding and nonbreeding,Year-round
031401020503,mABBEf,1,1,3,1,Native,Known/extant,Both breeding and nonbreeding,Year-round
031401020504,mABBEf,1,1,3,1,Native,Known/extant,Both breeding and nonbreeding,Year-round
031401020505,mABBEf,1,1,3,1,Native,Known/extant,Both breeding and nonbreeding,Year-round
031401020601,mABBEf,1,1,3,1,Native,Known/extant,Both breeding and nonbreeding,Year-round
031401020602,mABBEf,1,1,3,1,Native,Known/extant,Both breeding and nonbreeding,Year-round
031401020603,mABBEf,1,1,3,1,Native,Known/extant,Both breeding and nonbreeding,Year-round
031401020604,mABBEf,1,1,3,1,Native,Known/extant,Both breeding and nonbreeding,Year-round
031401020701,mABBEf,1,1,3,1,Native,Known/extant,Both breeding and nonbreeding,Year-round
031401020702,mABBEf,1,1,3,1,Native,Known/extant,Both breeding and nonbreeding,Year-round
031401030404,mABBEf,1,1,3,1,Native,Known/extant,Both breeding and nonbreeding,Year-round
031401030405,mABBEf,1,1,3,1,Native,Known/extant,Both breeding and nonbreeding,Year-round
031401030406,mABBEf,1,1,3,1,Native,Known/extant,Both breeding and nonbreeding,Year-round
031401030701,mABBEf,1,1,3,1,Native,Known/extant,Both breeding and nonbreeding,Year-round
031401030702,mABBEf,1,1,3,1,Native,Known/extant,Both breeding and nonbreeding,Year-round
031401030703,mABBEf,1,1,3,1,Native,Known/extant,Both breeding and nonbreeding,Year-round
031401030704,mABBEf,1,1,3,1,Native,Known/extant,Both breeding and nonbreeding,Year-round
031401030705,mABBEf,1,1,3,1,Native,Known/extant,Both breeding and nonbreeding,Year-round
031401030801,mABBEf,1,1,3,1,Native,Known/extant,Both breeding and nonbreeding,Year-round
031401030802,mABBEf,1,1,3,1,Native,Known/extant,Both breeding and nonbreeding,Year-round
031401030803,mABBEf,1,1,3,1,Native,Known/extant,Both breeding and nonbreeding,Year-round
031401030804,mABBEf,1,1,3,1,Native,Known/extant,Both breeding and nonbreeding,Year-round
031401030805,mABBEf,1,1,3,1,Native,Known/extant,Both breeding and nonbreeding,Year-round
031401030806,mABBEf,1,1,3,1,Native,Known/extant,Both breeding and nonbreeding,Year-round
031401040201,mABBEf,1,1,3,1,Native,Known/extant,Both breeding and nonbreeding,Year-round
031401040203,mABBEf,1,1,3,1,Native,Known/extant,Both breeding and nonbreeding,Year-round
031401040204,mABBEf,1,1,3,1,Native,Known/extant,Both breeding and nonbreeding,Year-round
031401040205,mABBEf,1,1,3,1,Native,Known/extant,Both breeding and nonbreeding,Year-round
031401040502,mABBEf,1,1,3,1,Native,Known/extant,Both breeding and nonbreeding,Year-round
031401040503,mABBEf,1,1,3,1,Native,Known/extant,Both breeding and nonbreeding,Year-round
031401050101,mABBEf,1,1,3,1,Native,Known/extant,Both breeding and nonbreeding,Year-round
031401050102,mABBEf,1,1,3,1,Native,Known/extant,Both breeding and nonbreeding,Year-round
031401050103,mABBEf,1,1,3,1,Native,Known/extant,Both breeding and nonbreeding,Year-round
031401050104,mABBEf,1,1,3,1,Native,Known/extant,Both breeding and nonbreeding,Year-round
031401050105,mABBEf,1,1,3,1,Native,Known/extant,Both breeding and nonbreeding,Year-round
031401050201,mABBEf,1,1,3,1,Native,Known/extant,Both breeding and nonbreeding,Year-round
031401050202,mABBEf,1,1,3,1,Native,Known/extant,Both breeding and nonbreeding,Year-round
031401050203,mABBEf,1,1,3,1,Native,Known/extant,Both breeding and nonbreeding,Year-round
031401050204,mABBEf,1,1,3,1,Native,Known/extant,Both breeding and nonbreeding,Year-round
031401050302,mABBEf,1,1,3,1,Native,Known/extant,Both breeding and nonbreeding,Year-round
031401060201,mABBEf,1,1,3,1,Native,Known/extant,Both breeding and nonbreeding,Year-round
031401060202,mABBEf,1,1,3,1,Native,Known/extant,Both breeding and nonbreeding,Year-round
031402030501,mABBEf,1,1,3,1,Native,Known/extant,Both breeding and nonbreeding,Year-round
031502040701,mABBEf,1,1,3,1,Native,Known/extant,Both breeding and nonbreeding,Year-round
031502040703,mABBEf,1,1,3,1,Native,Known/extant,Both breeding and nonbreeding,Year-round
031502040704,mABBEf,1,1,3,1,Native,Known/extant,Both breeding and nonbreeding,Year-round
031502040705,mABBEf,1,1,3,1,Native,Known/extant,Both breeding and nonbreeding,Year-round
031602030801,mABBEf,1,1,3,1,Native,Known/extant,Both breeding and nonbreeding,Year-round
031602030802,mABBEf,1,1,3,1,Native,Known/extant,Both breeding and nonbreeding,Year-round
031602030901,mABBEf,1,1,3,1,Native,Known/extant,Both breeding and nonbreeding,Year-round
031602031001,mABBEf,1,1,3,1,Native,Known/extant,Both breeding and nonbreeding,Year-round
031602031002,mABBEf,1,1,3,1,Native,Known/extant,Both breeding and nonbreeding,Year-round
031602031101,mABBEf,1,1,3,1,Native,Known/extant,Both breeding and nonbreeding,Year-round
031602031102,mABBEf,1,1,3,1,Native,Known/extant,Both breeding and nonbreeding,Year-round
031602031103,mABBEf,1,1,3,1,Native,Known/extant,Both breeding and nonbreeding,Year-round
031602040101,mABBEf,1,1,3,1,Native,Known/extant,Both breeding and nonbreeding,Year-round
031602040102,mABBEf,1,1,3,1,Native,Known/extant,Both breeding and nonbreeding,Year-round
031602040103,mABBEf,1,1,3,1,Native,Known/extant,Both breeding and nonbreeding,Year-round
031602040104,mABBEf,1,1,3,1,Native,Known/extant,Both breeding and nonbreeding,Year-round
031602040105,mABBEf,1,1,3,1,Native,Known/extant,Both breeding and nonbreeding,Year-round
031602040106,mABBEf,1,1,3,1,Native,Known/extant,Both breeding and nonbreeding,Year-round
031602040201,mABBEf,1,1,3,1,Native,Known/extant,Both breeding and nonbreeding,Year-round
031602040202,mABBEf,1,1,3,1,Native,Known/extant,Both breeding and nonbreeding,Year-round
031602040203,mABBEf,1,1,3,1,Native,Known/extant,Both breeding and nonbreeding,Year-round
031602040301,mABBEf,1,1,3,1,Native,Known/extant,Both breeding and nonbreeding,Year-round
031602040302,mABBEf,1,1,3,1,Native,Known/extant,Both breeding and nonbreeding,Year-round
031602040303,mABBEf,1,1,3,1,Native,Known/extant,Both breeding and nonbreeding,Year-round
031602040401,mABBEf,1,1,3,1,Native,Known/extant,Both breeding and nonbreeding,Year-round
031602040402,mABBEf,1,1,3,1,Native,Known/extant,Both breeding and nonbreeding,Year-round
031602040403,mABBEf,1,1,3,1,Native,Known/extant,Both breeding and nonbreeding,Year-round
031602040404,mABBEf,1,1,3,1,Native,Known/extant,Both breeding and nonbreeding,Year-round
031602040502,mABBEf,1,1,3,1,Native,Known/extant,Both breeding and nonbreeding,Year-round
031602040504,mABBEf,1,1,3,1,Native,Known/extant,Both breeding and nonbreeding,Year-round
031602050202,mABBEf,1,1,3,1,Native,Known/extant,Both breeding and nonbreeding,Year-round
031602050203,mABBEf,1,1,3,1,Native,Known/extant,Both breeding and nonbreeding,Year-round
031602050206,mABBEf,1,1,3,1,Native,Known/extant,Both breeding and nonbreeding,Year-round
031700080201,mABBEf,1,1,3,1,Native,Known/extant,Both breeding and nonbreeding,Year-round
031700080202,mABBEf,1,1,3,1,Native,Known/extant,Both breeding and nonbreeding,Year-round
031700080204,mABBEf,1,1,3,1,Native,Known/extant,Both breeding and nonbreeding,Year-round
031700080205,mABBEf,1,1,3,1,Native,Known/extant,Both breeding and nonbreeding,Year-round
031700080206,mABBEf,1,1,3,1,Native,Known/extant,Both breeding and nonbreeding,Year-round
031700080303,mABBEf,1,1,3,1,Native,Known/extant,Both breeding and nonbreeding,Year-round
031700080401,mABBEf,1,1,3,1,Native,Known/extant,Both breeding and nonbreeding,Year-round
031700080402,mABBEf,1,1,3,1,Native,Known/extant,Both breeding and nonbreeding,Year-round
031700080404,mABBEf,1,1,3,1,Native,Known/extant,Both breeding and nonbreeding,Year-round
031700080502,mABBEf,1,1,3,1,Native,Known/extant,Both breeding and nonbreeding,Year-round
031700080601,mABBEf,1,1,3,1,Native,Known/extant,Both breeding and nonbreeding,Year-round
031700080603,mABBEf,1,1,3,1,Native,Known/extant,Both breeding and nonbreeding,Year-round
031700080701,mABBEf,1,1,3,1,Native,Known/extant,Both breeding and nonbreeding,Year-round
031700080702,mABBEf,1,1,3,1,Native,Known/extant,Both breeding and nonbreeding,Year-round
