strHUC12RNG,strUC,intGapOrigin,intGapPres,intGapRepro,intGapSeas,Origin,Presence,Reproduction,Season
031700060103,mABBEl,1,1,3,1,Native,Known/extant,Both breeding and nonbreeding,Year-round
031700060104,mABBEl,1,1,3,1,Native,Known/extant,Both breeding and nonbreeding,Year-round
031700060105,mABBEl,1,1,3,1,Native,Known/extant,Both breeding and nonbreeding,Year-round
031700060106,mABBEl,1,1,3,1,Native,Known/extant,Both breeding and nonbreeding,Year-round
031700060107,mABBEl,1,1,3,1,Native,Known/extant,Both breeding and nonbreeding,Year-round
031700060108,mABBEl,1,1,3,1,Native,Known/extant,Both breeding and nonbreeding,Year-round
031700060201,mABBEl,1,1,3,1,Native,Known/extant,Both breeding and nonbreeding,Year-round
031700060202,mABBEl,1,1,3,1,Native,Known/extant,Both breeding and nonbreeding,Year-round
031700060203,mABBEl,1,1,3,1,Native,Known/extant,Both breeding and nonbreeding,Year-round
031700060301,mABBEl,1,1,3,1,Native,Known/extant,Both breeding and nonbreeding,Year-round
031700060302,mABBEl,1,1,3,1,Native,Known/extant,Both breeding and nonbreeding,Year-round
031700070103,mABBEl,1,1,3,1,Native,Known/extant,Both breeding and nonbreeding,Year-round
031700070104,mABBEl,1,1,3,1,Native,Known/extant,Both breeding and nonbreeding,Year-round
031700070105,mABBEl,1,1,3,1,Native,Known/extant,Both breeding and nonbreeding,Year-round
031700070106,mABBEl,1,1,3,1,Native,Known/extant,Both breeding and nonbreeding,Year-round
031700070107,mABBEl,1,1,3,1,Native,Known/extant,Both breeding and nonbreeding,Year-round
031700070301,mABBEl,1,1,3,1,Native,Known/extant,Both breeding and nonbreeding,Year-round
031700070302,mABBEl,1,1,3,1,Native,Known/extant,Both breeding and nonbreeding,Year-round
031700070404,mABBEl,1,1,3,1,Native,Known/extant,Both breeding and nonbreeding,Year-round
031700070405,mABBEl,1,1,3,1,Native,Known/extant,Both breeding and nonbreeding,Year-round
031700070406,mABBEl,1,1,3,1,Native,Known/extant,Both breeding and nonbreeding,Year-round
031700070505,mABBEl,1,1,3,1,Native,Known/extant,Both breeding and nonbreeding,Year-round
031700070506,mABBEl,1,1,3,1,Native,Known/extant,Both breeding and nonbreeding,Year-round
031700080403,mABBEl,1,1,3,1,Native,Known/extant,Both breeding and nonbreeding,Year-round
031700080405,mABBEl,1,1,3,1,Native,Known/extant,Both breeding and nonbreeding,Year-round
031700080406,mABBEl,1,1,3,1,Native,Known/extant,Both breeding and nonbreeding,Year-round
031700080407,mABBEl,1,1,3,1,Native,Known/extant,Both breeding and nonbreeding,Year-round
031700080408,mABBEl,1,1,3,1,Native,Known/extant,Both breeding and nonbreeding,Year-round
031700080703,mABBEl,1,1,3,1,Native,Known/extant,Both breeding and nonbreeding,Year-round
031700080704,mABBEl,1,1,3,1,Native,Known/extant,Both breeding and nonbreeding,Year-round
031700090601,mABBEl,1,1,3,1,Native,Known/extant,Both breeding and nonbreeding,Year-round
031700090901,mABBEl,1,1,3,1,Native,Known/extant,Both breeding and nonbreeding,Year-round
031700090902,mABBEl,1,1,3,1,Native,Known/extant,Both breeding and nonbreeding,Year-round
031700090903,mABBEl,1,1,3,1,Native,Known/extant,Both breeding and nonbreeding,Year-round
031700090904,mABBEl,1,1,3,1,Native,Known/extant,Both breeding and nonbreeding,Year-round
031700090905,mABBEl,1,1,3,1,Native,Known/extant,Both breeding and nonbreeding,Year-round
031700090906,mABBEl,1,1,3,1,Native,Known/extant,Both breeding and nonbreeding,Year-round
031700091202,mABBEl,1,1,3,1,Native,Known/extant,Both breeding and nonbreeding,Year-round
031700091204,mABBEl,1,1,3,1,Native,Known/extant,Both breeding and nonbreeding,Year-round
031700091301,mABBEl,1,1,3,1,Native,Known/extant,Both breeding and nonbreeding,Year-round
031800040801,mABBEl,1,1,3,1,Native,Known/extant,Both breeding and nonbreeding,Year-round
031800040802,mABBEl,1,1,3,1,Native,Known/extant,Both breeding and nonbreeding,Year-round
031800041003,mABBEl,1,1,3,1,Native,Known/extant,Both breeding and nonbreeding,Year-round
080302060802,mABBEl,1,1,3,1,Native,Known/extant,Both breeding and nonbreeding,Year-round
080302060803,mABBEl,1,1,3,1,Native,Known/extant,Both breeding and nonbreeding,Year-round
080302060804,mABBEl,1,1,3,1,Native,Known/extant,Both breeding and nonbreeding,Year-round
080302060805,mABBEl,1,1,3,1,Native,Known/extant,Both breeding and nonbreeding,Year-round
080302060900,mABBEl,1,1,3,1,Native,Known/extant,Both breeding and nonbreeding,Year-round
080302071700,mABBEl,1,1,3,1,Native,Known/extant,Both breeding and nonbreeding,Year-round
080302071900,mABBEl,1,1,3,1,Native,Known/extant,Both breeding and nonbreeding,Year-round
080302080101,mABBEl,1,1,3,1,Native,Known/extant,Both breeding and nonbreeding,Year-round
080302080102,mABBEl,1,1,3,1,Native,Known/extant,Both breeding and nonbreeding,Year-round
080302080103,mABBEl,1,1,3,1,Native,Known/extant,Both breeding and nonbreeding,Year-round
080302080201,mABBEl,1,1,3,1,Native,Known/extant,Both breeding and nonbreeding,Year-round
080302080202,mABBEl,1,1,3,1,Native,Known/extant,Both breeding and nonbreeding,Year-round
080302090400,mABBEl,1,1,3,1,Native,Known/extant,Both breeding and nonbreeding,Year-round
080302090500,mABBEl,1,1,3,1,Native,Known/extant,Both breeding and nonbreeding,Year-round
080403010501,mABBEl,1,1,3,1,Native,Known/extant,Both breeding and nonbreeding,Year-round
080403010502,mABBEl,1,1,3,1,Native,Known/extant,Both breeding and nonbreeding,Year-round
080403010503,mABBEl,1,1,3,1,Native,Known/extant,Both breeding and nonbreeding,Year-round
080403010504,mABBEl,1,1,3,1,Native,Known/extant,Both breeding and nonbreeding,Year-round
080403010505,mABBEl,1,1,3,1,Native,Known/extant,Both breeding and nonbreeding,Year-round
080403060101,mABBEl,1,1,3,1,Native,Known/extant,Both breeding and nonbreeding,Year-round
080403060107,mABBEl,1,1,3,1,Native,Known/extant,Both breeding and nonbreeding,Year-round
080403060201,mABBEl,1,1,3,1,Native,Known/extant,Both breeding and nonbreeding,Year-round
080403060202,mABBEl,1,1,3,1,Native,Known/extant,Both breeding and nonbreeding,Year-round
080403060203,mABBEl,1,1,3,1,Native,Known/extant,Both breeding and nonbreeding,Year-round
080403060204,mABBEl,1,1,3,1,Native,Known/extant,Both breeding and nonbreeding,Year-round
080403060205,mABBEl,1,1,3,1,Native,Known/extant,Both breeding and nonbreeding,Year-round
080403060206,mABBEl,1,1,3,1,Native,Known/extant,Both breeding and nonbreeding,Year-round
080500020403,mABBEl,1,1,3,1,Native,Known/extant,Both breeding and nonbreeding,Year-round
080500020501,mABBEl,1,1,3,1,Native,Known/extant,Both breeding and nonbreeding,Year-round
080500020505,mABBEl,1,1,3,1,Native,Known/extant,Both breeding and nonbreeding,Year-round
080500020602,mABBEl,1,1,3,1,Native,Known/extant,Both breeding and nonbreeding,Year-round
080500030101,mABBEl,1,1,3,1,Native,Known/extant,Both breeding and nonbreeding,Year-round
080500030102,mABBEl,1,1,3,1,Native,Known/extant,Both breeding and nonbreeding,Year-round
080500030103,mABBEl,1,1,3,1,Native,Known/extant,Both breeding and nonbreeding,Year-round
080500030104,mABBEl,1,1,3,1,Native,Known/extant,Both breeding and nonbreeding,Year-round
080500030105,mABBEl,1,1,3,1,Native,Known/extant,Both breeding and nonbreeding,Year-round
080500030106,mABBEl,1,1,3,1,Native,Known/extant,Both breeding and nonbreeding,Year-round
080500030201,mABBEl,1,1,3,1,Native,Known/extant,Both breeding and nonbreeding,Year-round
080500030202,mABBEl,1,1,3,1,Native,Known/extant,Both breeding and nonbreeding,Year-round
080500030203,mABBEl,1,1,3,1,Native,Known/extant,Both breeding and nonbreeding,Year-round
080500030204,mABBEl,1,1,3,1,Native,Known/extant,Both breeding and nonbreeding,Year-round
080500030205,mABBEl,1,1,3,1,Native,Known/extant,Both breeding and nonbreeding,Year-round
080500030206,mABBEl,1,1,3,1,Native,Known/extant,Both breeding and nonbreeding,Year-round
080500030207,mABBEl,1,1,3,1,Native,Known/extant,Both breeding and nonbreeding,Year-round
080500030301,mABBEl,1,1,3,1,Native,Known/extant,Both breeding and nonbreeding,Year-round
080500030302,mABBEl,1,1,3,1,Native,Known/extant,Both breeding and nonbreeding,Year-round
080500030303,mABBEl,1,1,3,1,Native,Known/extant,Both breeding and nonbreeding,Year-round
080500030304,mABBEl,1,1,3,1,Native,Known/extant,Both breeding and nonbreeding,Year-round
080500030305,mABBEl,1,1,3,1,Native,Known/extant,Both breeding and nonbreeding,Year-round
080500030401,mABBEl,1,1,3,1,Native,Known/extant,Both breeding and nonbreeding,Year-round
080500030402,mABBEl,1,1,3,1,Native,Known/extant,Both breeding and nonbreeding,Year-round
080500030403,mABBEl,1,1,3,1,Native,Known/extant,Both breeding and nonbreeding,Year-round
080500030404,mABBEl,1,1,3,1,Native,Known/extant,Both breeding and nonbreeding,Year-round
080500030405,mABBEl,1,1,3,1,Native,Known/extant,Both breeding and nonbreeding,Year-round
080500030406,mABBEl,1,1,3,1,Native,Known/extant,Both breeding and nonbreeding,Year-round
080500030407,mABBEl,1,1,3,1,Native,Known/extant,Both breeding and nonbreeding,Year-round
080500030408,mABBEl,1,1,3,1,Native,Known/extant,Both breeding and nonbreeding,Year-round
080500030501,mABBEl,1,1,3,1,Native,Known/extant,Both breeding and nonbreeding,Year-round
080500030502,mABBEl,1,1,3,1,Native,Known/extant,Both breeding and nonbreeding,Year-round
080500030503,mABBEl,1,1,3,1,Native,Known/extant,Both breeding and nonbreeding,Year-round
080500030504,mABBEl,1,1,3,1,Native,Known/extant,Both breeding and nonbreeding,Year-round
080500030505,mABBEl,1,1,3,1,Native,Known/extant,Both breeding and nonbreeding,Year-round
080500030506,mABBEl,1,1,3,1,Native,Known/extant,Both breeding and nonbreeding,Year-round
080601000401,mABBEl,1,1,3,1,Native,Known/extant,Both breeding and nonbreeding,Year-round
080601000402,mABBEl,1,1,3,1,Native,Known/extant,Both breeding and nonbreeding,Year-round
080601000403,mABBEl,1,1,3,1,Native,Known/extant,Both breeding and nonbreeding,Year-round
080601000501,mABBEl,1,1,3,1,Native,Known/extant,Both breeding and nonbreeding,Year-round
080602020701,mABBEl,1,1,3,1,Native,Known/extant,Both breeding and nonbreeding,Year-round
080602020702,mABBEl,1,1,3,1,Native,Known/extant,Both breeding and nonbreeding,Year-round
080602020703,mABBEl,1,1,3,1,Native,Known/extant,Both breeding and nonbreeding,Year-round
080602020704,mABBEl,1,1,3,1,Native,Known/extant,Both breeding and nonbreeding,Year-round
080602020705,mABBEl,1,1,3,1,Native,Known/extant,Both breeding and nonbreeding,Year-round
080602020706,mABBEl,1,1,3,1,Native,Known/extant,Both breeding and nonbreeding,Year-round
080602020707,mABBEl,1,1,3,1,Native,Known/extant,Both breeding and nonbreeding,Year-round
080602020905,mABBEl,1,1,3,1,Native,Known/extant,Both breeding and nonbreeding,Year-round
080602021001,mABBEl,1,1,3,1,Native,Known/extant,Both breeding and nonbreeding,Year-round
080602021002,mABBEl,1,1,3,1,Native,Known/extant,Both breeding and nonbreeding,Year-round
080602021003,mABBEl,1,1,3,1,Native,Known/extant,Both breeding and nonbreeding,Year-round
080602021004,mABBEl,1,1,3,1,Native,Known/extant,Both breeding and nonbreeding,Year-round
080602021005,mABBEl,1,1,3,1,Native,Known/extant,Both breeding and nonbreeding,Year-round
080602021101,mABBEl,1,1,3,1,Native,Known/extant,Both breeding and nonbreeding,Year-round
080602021102,mABBEl,1,1,3,1,Native,Known/extant,Both breeding and nonbreeding,Year-round
080602021103,mABBEl,1,1,3,1,Native,Known/extant,Both breeding and nonbreeding,Year-round
080602021104,mABBEl,1,1,3,1,Native,Known/extant,Both breeding and nonbreeding,Year-round
080602021105,mABBEl,1,1,3,1,Native,Known/extant,Both breeding and nonbreeding,Year-round
080602021106,mABBEl,1,1,3,1,Native,Known/extant,Both breeding and nonbreeding,Year-round
080602021107,mABBEl,1,1,3,1,Native,Known/extant,Both breeding and nonbreeding,Year-round
080602030502,mABBEl,1,1,3,1,Native,Known/extant,Both breeding and nonbreeding,Year-round
080602030503,mABBEl,1,1,3,1,Native,Known/extant,Both breeding and nonbreeding,Year-round
080602030705,mABBEl,1,1,3,1,Native,Known/extant,Both breeding and nonbreeding,Year-round
080602030706,mABBEl,1,1,3,1,Native,Known/extant,Both breeding and nonbreeding,Year-round
080602030707,mABBEl,1,1,3,1,Native,Known/extant,Both breeding and nonbreeding,Year-round
080602030801,mABBEl,1,1,3,1,Native,Known/extant,Both breeding and nonbreeding,Year-round
080602030802,mABBEl,1,1,3,1,Native,Known/extant,Both breeding and nonbreeding,Year-round
080602030803,mABBEl,1,1,3,1,Native,Known/extant,Both breeding and nonbreeding,Year-round
080602040101,mABBEl,1,1,3,1,Native,Known/extant,Both breeding and nonbreeding,Year-round
080602040102,mABBEl,1,1,3,1,Native,Known/extant,Both breeding and nonbreeding,Year-round
080602040103,mABBEl,1,1,3,1,Native,Known/extant,Both breeding and nonbreeding,Year-round
080602040104,mABBEl,1,1,3,1,Native,Known/extant,Both breeding and nonbreeding,Year-round
080602040105,mABBEl,1,1,3,1,Native,Known/extant,Both breeding and nonbreeding,Year-round
080602040201,mABBEl,1,1,3,1,Native,Known/extant,Both breeding and nonbreeding,Year-round
080602040202,mABBEl,1,1,3,1,Native,Known/extant,Both breeding and nonbreeding,Year-round
080602040203,mABBEl,1,1,3,1,Native,Known/extant,Both breeding and nonbreeding,Year-round
080602040301,mABBEl,1,1,3,1,Native,Known/extant,Both breeding and nonbreeding,Year-round
080602040302,mABBEl,1,1,3,1,Native,Known/extant,Both breeding and nonbreeding,Year-round
080602040303,mABBEl,1,1,3,1,Native,Known/extant,Both breeding and nonbreeding,Year-round
080602040304,mABBEl,1,1,3,1,Native,Known/extant,Both breeding and nonbreeding,Year-round
080602040305,mABBEl,1,1,3,1,Native,Known/extant,Both breeding and nonbreeding,Year-round
080602050402,mABBEl,1,1,3,1,Native,Known/extant,Both breeding and nonbreeding,Year-round
080602050403,mABBEl,1,1,3,1,Native,Known/extant,Both breeding and nonbreeding,Year-round
080602050601,mABBEl,1,1,3,1,Native,Known/extant,Both breeding and nonbreeding,Year-round
080602050602,mABBEl,1,1,3,1,Native,Known/extant,Both breeding and nonbreeding,Year-round
080602050603,mABBEl,1,1,3,1,Native,Known/extant,Both breeding and nonbreeding,Year-round
080602050604,mABBEl,1,1,3,1,Native,Known/extant,Both breeding and nonbreeding,Year-round
080602050605,mABBEl,1,1,3,1,Native,Known/extant,Both breeding and nonbreeding,Year-round
080602050606,mABBEl,1,1,3,1,Native,Known/extant,Both breeding and nonbreeding,Year-round
080602050607,mABBEl,1,1,3,1,Native,Known/extant,Both breeding and nonbreeding,Year-round
080602050608,mABBEl,1,1,3,1,Native,Known/extant,Both breeding and nonbreeding,Year-round
080602050701,mABBEl,1,1,3,1,Native,Known/extant,Both breeding and nonbreeding,Year-round
080602050702,mABBEl,1,1,3,1,Native,Known/extant,Both breeding and nonbreeding,Year-round
080602050703,mABBEl,1,1,3,1,Native,Known/extant,Both breeding and nonbreeding,Year-round
080602050704,mABBEl,1,1,3,1,Native,Known/extant,Both breeding and nonbreeding,Year-round
080602050705,mABBEl,1,1,3,1,Native,Known/extant,Both breeding and nonbreeding,Year-round
080602050706,mABBEl,1,1,3,1,Native,Known/extant,Both breeding and nonbreeding,Year-round
080602060102,mABBEl,1,1,3,1,Native,Known/extant,Both breeding and nonbreeding,Year-round
080602060104,mABBEl,1,1,3,1,Native,Known/extant,Both breeding and nonbreeding,Year-round
080602060105,mABBEl,1,1,3,1,Native,Known/extant,Both breeding and nonbreeding,Year-round
080602060106,mABBEl,1,1,3,1,Native,Known/extant,Both breeding and nonbreeding,Year-round
080602060201,mABBEl,1,1,3,1,Native,Known/extant,Both breeding and nonbreeding,Year-round
080602060202,mABBEl,1,1,3,1,Native,Known/extant,Both breeding and nonbreeding,Year-round
080602060203,mABBEl,1,1,3,1,Native,Known/extant,Both breeding and nonbreeding,Year-round
080602060301,mABBEl,1,1,3,1,Native,Known/extant,Both breeding and nonbreeding,Year-round
080602060302,mABBEl,1,1,3,1,Native,Known/extant,Both breeding and nonbreeding,Year-round
080602060303,mABBEl,1,1,3,1,Native,Known/extant,Both breeding and nonbreeding,Year-round
080602060304,mABBEl,1,1,3,1,Native,Known/extant,Both breeding and nonbreeding,Year-round
080701000101,mABBEl,1,1,3,1,Native,Known/extant,Both breeding and nonbreeding,Year-round
080701000102,mABBEl,1,1,3,1,Native,Known/extant,Both breeding and nonbreeding,Year-round
080702010101,mABBEl,1,1,3,1,Native,Known/extant,Both breeding and nonbreeding,Year-round
080702010102,mABBEl,1,1,3,1,Native,Known/extant,Both breeding and nonbreeding,Year-round
080702010201,mABBEl,1,1,3,1,Native,Known/extant,Both breeding and nonbreeding,Year-round
080702010202,mABBEl,1,1,3,1,Native,Known/extant,Both breeding and nonbreeding,Year-round
080702010203,mABBEl,1,1,3,1,Native,Known/extant,Both breeding and nonbreeding,Year-round
080702010204,mABBEl,1,1,3,1,Native,Known/extant,Both breeding and nonbreeding,Year-round
080702010302,mABBEl,1,1,3,1,Native,Known/extant,Both breeding and nonbreeding,Year-round
080702010303,mABBEl,1,1,3,1,Native,Known/extant,Both breeding and nonbreeding,Year-round
080703000101,mABBEl,1,1,3,1,Native,Known/extant,Both breeding and nonbreeding,Year-round
080703000102,mABBEl,1,1,3,1,Native,Known/extant,Both breeding and nonbreeding,Year-round
080703000103,mABBEl,1,1,3,1,Native,Known/extant,Both breeding and nonbreeding,Year-round
080703000104,mABBEl,1,1,3,1,Native,Known/extant,Both breeding and nonbreeding,Year-round
080703000201,mABBEl,1,1,3,1,Native,Known/extant,Both breeding and nonbreeding,Year-round
080703000202,mABBEl,1,1,3,1,Native,Known/extant,Both breeding and nonbreeding,Year-round
080703000301,mABBEl,1,1,3,1,Native,Known/extant,Both breeding and nonbreeding,Year-round
080703000302,mABBEl,1,1,3,1,Native,Known/extant,Both breeding and nonbreeding,Year-round
080801000101,mABBEl,1,1,3,1,Native,Known/extant,Both breeding and nonbreeding,Year-round
080801000102,mABBEl,1,1,3,1,Native,Known/extant,Both breeding and nonbreeding,Year-round
080801000104,mABBEl,1,1,3,1,Native,Known/extant,Both breeding and nonbreeding,Year-round
080801000105,mABBEl,1,1,3,1,Native,Known/extant,Both breeding and nonbreeding,Year-round
080801000106,mABBEl,1,1,3,1,Native,Known/extant,Both breeding and nonbreeding,Year-round
080801000107,mABBEl,1,1,3,1,Native,Known/extant,Both breeding and nonbreeding,Year-round
080801000108,mABBEl,1,1,3,1,Native,Known/extant,Both breeding and nonbreeding,Year-round
080801000109,mABBEl,1,1,3,1,Native,Known/extant,Both breeding and nonbreeding,Year-round
080801000110,mABBEl,1,1,3,1,Native,Known/extant,Both breeding and nonbreeding,Year-round
080801000111,mABBEl,1,1,3,1,Native,Known/extant,Both breeding and nonbreeding,Year-round
080801000112,mABBEl,1,1,3,1,Native,Known/extant,Both breeding and nonbreeding,Year-round
080801000201,mABBEl,1,1,3,1,Native,Known/extant,Both breeding and nonbreeding,Year-round
080801000202,mABBEl,1,1,3,1,Native,Known/extant,Both breeding and nonbreeding,Year-round
080801000203,mABBEl,1,1,3,1,Native,Known/extant,Both breeding and nonbreeding,Year-round
080801000204,mABBEl,1,1,3,1,Native,Known/extant,Both breeding and nonbreeding,Year-round
080801000206,mABBEl,1,1,3,1,Native,Known/extant,Both breeding and nonbreeding,Year-round
080801000306,mABBEl,1,1,3,1,Native,Known/extant,Both breeding and nonbreeding,Year-round
080801000307,mABBEl,1,1,3,1,Native,Known/extant,Both breeding and nonbreeding,Year-round
080801000308,mABBEl,1,1,3,1,Native,Known/extant,Both breeding and nonbreeding,Year-round
080801000309,mABBEl,1,1,3,1,Native,Known/extant,Both breeding and nonbreeding,Year-round
080801000310,mABBEl,1,1,3,1,Native,Known/extant,Both breeding and nonbreeding,Year-round
080801000311,mABBEl,1,1,3,1,Native,Known/extant,Both breeding and nonbreeding,Year-round
080801000401,mABBEl,1,1,3,1,Native,Known/extant,Both breeding and nonbreeding,Year-round
080801000407,mABBEl,1,1,3,1,Native,Known/extant,Both breeding and nonbreeding,Year-round
080801000501,mABBEl,1,1,3,1,Native,Known/extant,Both breeding and nonbreeding,Year-round
080801000502,mABBEl,1,1,3,1,Native,Known/extant,Both breeding and nonbreeding,Year-round
080801000503,mABBEl,1,1,3,1,Native,Known/extant,Both breeding and nonbreeding,Year-round
080801000504,mABBEl,1,1,3,1,Native,Known/extant,Both breeding and nonbreeding,Year-round
080801000505,mABBEl,1,1,3,1,Native,Known/extant,Both breeding and nonbreeding,Year-round
080801000506,mABBEl,1,1,3,1,Native,Known/extant,Both breeding and nonbreeding,Year-round
080801000507,mABBEl,1,1,3,1,Native,Known/extant,Both breeding and nonbreeding,Year-round
080801020802,mABBEl,1,1,3,1,Native,Known/extant,Both breeding and nonbreeding,Year-round
080801020901,mABBEl,1,1,3,1,Native,Known/extant,Both breeding and nonbreeding,Year-round
080801020902,mABBEl,1,1,3,1,Native,Known/extant,Both breeding and nonbreeding,Year-round
080801020903,mABBEl,1,1,3,1,Native,Known/extant,Both breeding and nonbreeding,Year-round
080801020904,mABBEl,1,1,3,1,Native,Known/extant,Both breeding and nonbreeding,Year-round
080801030204,mABBEl,1,1,3,1,Native,Known/extant,Both breeding and nonbreeding,Year-round
080801030206,mABBEl,1,1,3,1,Native,Known/extant,Both breeding and nonbreeding,Year-round
080801030305,mABBEl,1,1,3,1,Native,Known/extant,Both breeding and nonbreeding,Year-round
080801030401,mABBEl,1,1,3,1,Native,Known/extant,Both breeding and nonbreeding,Year-round
080801030402,mABBEl,1,1,3,1,Native,Known/extant,Both breeding and nonbreeding,Year-round
080801030403,mABBEl,1,1,3,1,Native,Known/extant,Both breeding and nonbreeding,Year-round
080801030404,mABBEl,1,1,3,1,Native,Known/extant,Both breeding and nonbreeding,Year-round
080801030405,mABBEl,1,1,3,1,Native,Known/extant,Both breeding and nonbreeding,Year-round
080801030406,mABBEl,1,1,3,1,Native,Known/extant,Both breeding and nonbreeding,Year-round
080801030502,mABBEl,1,1,3,1,Native,Known/extant,Both breeding and nonbreeding,Year-round
080801030503,mABBEl,1,1,3,1,Native,Known/extant,Both breeding and nonbreeding,Year-round
080801030504,mABBEl,1,1,3,1,Native,Known/extant,Both breeding and nonbreeding,Year-round
080801030505,mABBEl,1,1,3,1,Native,Known/extant,Both breeding and nonbreeding,Year-round
080801030506,mABBEl,1,1,3,1,Native,Known/extant,Both breeding and nonbreeding,Year-round
080801030600,mABBEl,1,1,3,1,Native,Known/extant,Both breeding and nonbreeding,Year-round
080801030700,mABBEl,1,1,3,1,Native,Known/extant,Both breeding and nonbreeding,Year-round
080801030800,mABBEl,1,1,3,1,Native,Known/extant,Both breeding and nonbreeding,Year-round
080903020202,mABBEl,1,1,3,1,Native,Known/extant,Both breeding and nonbreeding,Year-round
080903020203,mABBEl,1,1,3,1,Native,Known/extant,Both breeding and nonbreeding,Year-round
080903020204,mABBEl,1,1,3,1,Native,Known/extant,Both breeding and nonbreeding,Year-round
080903020403,mABBEl,1,1,3,1,Native,Known/extant,Both breeding and nonbreeding,Year-round
080903020404,mABBEl,1,1,3,1,Native,Known/extant,Both breeding and nonbreeding,Year-round
